{
  "type": "minecraft:ore",
  "config": {
    "discard_chance_on_air_exposure": 0.0,
    "size": 8,
    "targets": [
      {
        "state": {
          "Name": "mysticalagriculture:prosperity_ore"
        },
        "target": {
          "predicate_type": "minecraft:tag_match",
          "tag": "minecraft:removed"
        }
      },
      {
        "state": {
          "Name": "mysticalagriculture:deepslate_prosperity_ore"
        },
        "target": {
          "predicate_type": "minecraft:tag_match",
          "tag": "minecraft:removed"
        }
      }
    ]
  }
}
