{
  "type": "minecraft:ore",
  "config": {
    "discard_chance_on_air_exposure": 0.0,
    "size": 4,
    "targets": [
      {
        "state": {
          "Name": "powah:uraninite_ore"
        },
        "target": {
          "predicate_type": "minecraft:tag_match",
          "tag": "minecraft:removed"
        }
      },
      {
        "state": {
          "Name": "powah:deepslate_uraninite_ore"
        },
        "target": {
          "predicate_type": "minecraft:tag_match",
          "tag": "minecraft:removed"
        }
      }
    ]
  }
}
