{
  "type": "immersiveengineering:ie_ore",
  "config": {
    "type": {
      "veinType": "LEAD"
    },
    "targets": [
      {
        "state": {
          "Name": "immersiveengineering:ore_lead"
        },
        "target": {
          "predicate_type": "minecraft:tag_match",
          "tag": "minecraft:removed"
        }
      },
      {
        "state": {
          "Name": "immersiveengineering:deepslate_ore_lead"
        },
        "target": {
          "predicate_type": "minecraft:tag_match",
          "tag": "minecraft:removed"
        }
      }
    ]
  }
}
