{
  "type": "oritech:resource_node",
  "config": {
    "nodeSize": 6,
    "nodeOreChance": 0.4,
    "boulderRadius": 3,
    "nodeOres": [
      "oritech:resource_node_copper",
      "oritech:resource_node_copper",
      "oritech:resource_node_copper",
      "oritech:resource_node_iron",
      "oritech:resource_node_iron",
      "oritech:resource_node_coal",
      "oritech:resource_node_coal"
    ],
    "boulderOres": [
      "minecraft:deepslate_iron_ore",
      "minecraft:deepslate_copper_ore",
      "minecraft:deepslate_copper_ore",
      "minecraft:deepslate_copper_ore",
      "minecraft:deepslate_iron_ore",
      "minecraft:deepslate_coal_ore",
      "minecraft:deepslate_coal_ore",
      "minecraft:deepslate",
      "minecraft:deepslate",
      "minecraft:deepslate",
      "minecraft:deepslate",
      "minecraft:deepslate",
      "minecraft:deepslate",
      "minecraft:deepslate"
    ],
    "overlayBlock": "pneumaticcraft:oil",
    "overlayHeight": 5
  }
}