{
  "type": "oritech:resource_node",
  "config": {
    "nodeSize": 6,
    "nodeOreChance": 0.2,
    "boulderRadius": 3,
    "nodeOres": [
      "oritech:resource_node_diamond",
      "oritech:resource_node_diamond",
      "oritech:resource_node_gold",
      "oritech:resource_node_emerald"
    ],
    "boulderOres": [
      "minecraft:deepslate_diamond_ore",
      "minecraft:deepslate_gold_ore",
      "minecraft:deepslate_emerald_ore",
      "minecraft:deepslate",
      "minecraft:deepslate",
      "minecraft:deepslate",
      "minecraft:deepslate",
      "minecraft:deepslate",
      "minecraft:deepslate",
      "minecraft:deepslate",
      "minecraft:deepslate",
      "minecraft:deepslate",
      "minecraft:deepslate"
    ],
    "overlayBlock": "pneumaticcraft:oil",
    "overlayHeight": 5
  }
}